0.99847375559609752, 0.98937318987182366, 0.99083790350069145, 0.99537759348026578, 0.9749699315206406, 'seizure'
0.99906462163863918, 0.98499615786644268, 0.99363002242614329, 0.99641269149825051, 0.95328829700797968, 'seizure'
0.99845365899481509, 0.9912092513448022, 0.97472807756311075, 0.99964410892150557, 0.92037566925394387, 'seizure'
0.99885937334031261, 0.99552001211249663, 0.9965886670492744, 0.99480738080502595, 0.98498043184567519, 'seizure'
0.99973956897362937, 0.98834006045528344, 0.99074651545733339, 0.99701756440814016, 0.98555292365357505, 'seizure'
0.99974042592177659, 0.994603953362729, 0.99100684608844858, 0.95734957559460332, 0.98993664390324454, 'seizure'
0.99972783694973433, 0.98888742995990309, 0.99474112854553298, 0.98778218844859211, 0.99416487936409037, 'seizure'
0.99915610799060051, 0.99225890294197538, 0.99113116539847279, 0.98940184831412781, 0.95539560509014132, 'seizure'
0.99964454314416629, 0.99093719720256634, 0.98932722567237985, 0.98148680136222244, 0.90548549442195803, 'seizure'
0.9999355334986294, 0.99431495671753123, 0.99706523677628756, 0.97326543061270188, 0.94022297440155, 'seizure'
0.99885662627682215, 0.99349243847207458, 0.99199640119302046, 0.98097020462677542, 0.97465607452739067, 'seizure'
0.99956515470541252, 0.9938300231091608, 0.99493709404902519, 0.98719938025306908, 0.99419679229362945, 'seizure'
0.99853882592339438, 0.98550567536236877, 0.99334895137888757, 0.9919749759711739, 0.97888790671374004, 'seizure'
0.99842816741353413, 0.98727110085813152, 0.99492711442200765, 0.99237097686925768, 0.98000205374286353, 'seizure'
0.99889060597410662, 0.99162922746868365, 0.97583978604753074, 0.95184697146223807, 0.99264585096599922, 'seizure'
0.9997241724125262, 0.99274340943173867, 0.99289185665696611, 0.99243918191892755, 0.99302528281403579, 'seizure'
0.99691285194769852, 0.99501795583639507, 0.99589691697258054, 0.99563577518129298, 0.9991442604344527, 'seizure'
0.99979920642635034, 0.98535474731683914, 0.99449661497784403, 0.99399720554510573, 0.98000969909006319, 'seizure'
0.99833337910449849, 0.98786218507603341, 0.98875063037102584, 0.98949230114274322, 0.99783986856888474, 'seizure'
0.99910317313238484, 0.99603221410488341, 0.9889455297353642, 0.99340785145735233, 0.95908637042698885, 'seizure'
0.99981747921774333, 0.98228128041585783, 0.99092028944475263, 0.99135773530282267, 0.98220547166229033, 'seizure'
0.99915751451541113, 0.99037381286057513, 0.98236971762294145, 0.99692379068699621, 0.92130917518475497, 'seizure'
0.99971880707481675, 0.98926063092425065, 0.98892019405890941, 0.99288011568011081, 0.97259014781915498, 'seizure'
0.99970265473210917, 0.9787316980749623, 0.98888985878010804, 0.9970973064892471, 0.99265515040040209, 'seizure'
0.9998515650225992, 0.9861889283758758, 0.98009317992421663, 0.99560691068567986, 0.98854968850530878, 'seizure'
0.99472462403920447, 0.97580166149608327, 0.99420486084613025, 0.99609875078117327, 0.98971632710726465, 'seizure'
0.99931236329075313, 0.99373137413709212, 0.99307881468254233, 0.99111896742255945, 0.95948908849512171, 'seizure'
0.99948970109832491, 0.99145521679381077, 0.99778735263175156, 0.98252102034345679, 0.99495496601725231, 'seizure'
0.99955389264551564, 0.98857543400580505, 0.98751114604703982, 0.99630611716374862, 0.93318210901194587, 'seizure'
0.99905606265628277, 0.98382027414270301, 0.98579547191488426, 0.99586789503597506, 0.9208482425746366, 'seizure'
0.998761205772289, 0.98765082682691774, 0.99255431944913086, 0.99172863374441056, 0.98240694010218266, 'seizure'
0.9998763608208221, 0.97766575527531174, 0.98833550192156194, 0.99618947671787095, 0.99054092370062252, 'seizure'
0.99994541174621632, 0.99730656231527459, 0.99103882280089139, 0.97789226743569024, 0.99535105309784222, 'seizure'
0.99751703794087554, 0.99238050454235627, 0.99375225379197263, 0.99483856700828177, 0.98382025626105507, 'seizure'
0.99566723948711566, 0.99438150411906734, 0.99648542780123606, 0.99923870996600517, 0.99516638795581347, 'seizure'
0.99628424421885853, 0.9911111097112798, 0.98942512214657419, 0.99623921364798118, 0.98267924743385149, 'seizure'
0.99914790216840854, 0.96451853894503892, 0.98002131366649281, 0.98736594845239301, 0.97448813571294601, 'seizure'
0.99979976910710922, 0.98821124006666583, 0.98972321283467801, 0.9946063673106319, 0.98709675397000118, 'seizure'
0.99875622193429747, 0.99546958225117899, 0.99512605861243975, 0.99633274995137144, 0.95084323368311097, 'seizure'
0.99881812806953107, 0.98352535982506806, 0.99622870079606485, 0.98842827155506163, 0.96947233124255072, 'seizure'
0.997138427424199, 0.9879235185254458, 0.99627027654365052, 0.98850519873747633, 0.95269324094233743, 'seizure'
0.99880790852756796, 0.98259563938871175, 0.99616555332235424, 0.98498064297281041, 0.99287437683187352, 'seizure'
0.99990312344695875, 0.99025503174983065, 0.99112636105254615, 0.99570634643127653, 0.98261966001909329, 'seizure'
0.99966305921508281, 0.99256418367680876, 0.99507926793218193, 0.96970971240093407, 0.99770916906164908, 'seizure'
0.99930662668163073, 0.99081122608884753, 0.98675838720644016, 0.99974838569791957, 0.96818143171762883, 'seizure'
0.99953666071073188, 0.99523025729364145, 0.98456817905306859, 0.99070905439826995, 0.96738131252373827, 'seizure'
0.99983939269863398, 0.99157811341846847, 0.99226999755902745, 0.99335940846535853, 0.98791857411845507, 'seizure'
0.99985621169260908, 0.99180040914140322, 0.99666159674890409, 0.98782698948727921, 0.99134724473238256, 'seizure'
0.99927596195499779, 0.99488864218622164, 0.98918810671223589, 0.99732661361384767, 0.96844617341615735, 'seizure'
0.99979023903665554, 0.9913990340124843, 0.99727893615261209, 0.9889882362868232, 0.97892589284083575, 'seizure'
0.99869030698879857, 0.99026153531183492, 0.98367916736587746, 0.99823601779887516, 0.9326435215474862, 'seizure'
0.99906867215548367, 0.98965318093733023, 0.99419477933682776, 0.98308080298081069, 0.97904507491597126, 'seizure'
0.99942896534316894, 0.98629792745776523, 0.98629318070015704, 0.99076712405248935, 0.96407943901583715, 'seizure'
0.99982956637240961, 0.98624313306637945, 0.9911405380318018, 0.99231732127747896, 0.98556982397699644, 'seizure'
0.99769443347841846, 0.98736668782180936, 0.99563939585019634, 0.99490000703459947, 0.97554894058259944, 'seizure'
0.99872676137935879, 0.98757605413433391, 0.98739683728005989, 0.99657609179112783, 0.97203889944880928, 'seizure'
0.99938647870922104, 0.99010545310727427, 0.98942823380368072, 0.98875961724391492, 0.97308707606277145, 'seizure'
0.99951288949458039, 0.99359987857383336, 0.99444986891644371, 0.99903037466679756, 0.98827657819325587, 'seizure'
0.99956781022804053, 0.99389927801699895, 0.99361408664778983, 0.987682795388101, 0.98804206100201941, 'seizure'
0.99806383597732051, 0.9848346903180325, 0.98090056319168883, 0.99718357702717242, 0.9704976958635233, 'seizure'
0.99960122216529912, 0.99363052645972505, 0.9925150756048402, 0.99691942891768093, 0.97838940313351208, 'seizure'
0.99922336161041836, 0.98516765542113871, 0.99175326260343699, 0.98983285961308232, 0.98536390162020471, 'seizure'
0.99934799189335755, 0.98570262280313703, 0.99570710789095751, 0.98128281693450881, 0.98583158118874381, 'seizure'
0.99948147738512849, 0.98343894122389852, 0.99273829400598468, 0.99605134674977214, 0.98400647312882317, 'seizure'
0.99937790711053565, 0.98813534776582423, 0.98613552378270874, 0.99872445598923509, 0.98983272468553318, 'seizure'
0.99923615064485627, 0.98584839128062351, 0.99430567920431445, 0.97434103161808649, 0.97761314797522714, 'seizure'
0.99873078651893832, 0.98855586664580031, 0.9934963663137899, 0.97368930791273145, 0.98363055382178066, 'seizure'
0.99801446034586783, 0.99078190336686256, 0.99736556379759744, 0.99431391717160245, 0.99511898362717122, 'seizure'
0.99969253053282592, 0.98324241566492254, 0.99189278923229718, 0.99836203594026807, 0.99000783025949357, 'seizure'
0.99902601248515788, 0.98956807718520134, 0.98863191732063949, 0.98376104451193325, 0.95636695355148882, 'seizure'
0.99982271571107717, 0.98479044998155052, 0.99302482987041762, 0.95657489902412374, 0.99841243271890656, 'seizure'
0.99984526472082025, 0.99109731693069936, 0.98827294877669669, 0.9903946664482518, 0.98791983236010106, 'seizure'
0.99895653521447547, 0.98170425974172226, 0.98455533411465679, 0.99130023193758854, 0.96392385593949925, 'seizure'
0.99973690319631003, 0.98785742722113778, 0.98724546661919521, 0.99841243271890656, 0.99332659885111785, 'seizure'
0.99986870604058053, 0.98924127961607156, 0.98569656772862135, 0.96967810209194572, 0.98818041371159249, 'seizure'
0.99889887458287951, 0.99018757735663254, 0.99137830772680791, 0.99490000703459947, 0.94944891339564719, 'seizure'
0.99969329400433826, 0.98078945949441265, 0.98716046713142713, 0.9979588276110094, 0.98927113323520122, 'seizure'
0.99996362547591255, 0.996737254720092, 0.98766196629516245, 0.99457617241710805, 0.9779050934661373, 'seizure'
0.99932551606504882, 0.98821791117676905, 0.99541219170191997, 0.99382236671598134, 0.97365013994179272, 'seizure'
0.99948845055199975, 0.97763580723350618, 0.98640244114280096, 0.99381265633689619, 0.97921160628706394, 'seizure'
0.99897081225507478, 0.99180733920715891, 0.99633270068935742, 0.96743509076836154, 0.98396933602739411, 'seizure'
0.99987160578662215, 0.99280548613140673, 0.99112514201373658, 0.99309247401104506, 0.89766310983309028, 'seizure'
0.99989250858373913, 0.99019048851672287, 0.99655836158928945, 0.95437058218067894, 0.9880889742653689, 'seizure'
0.99818520792642296, 0.99004138030674882, 0.98739593149350968, 0.99074212273117912, 0.98728816358037319, 'seizure'
0.99933914161182469, 0.98903313945841753, 0.98600204060707897, 0.98202884665908952, 0.99287330670989671, 'seizure'
0.99961988931297074, 0.97599343415681428, 0.98913449953157373, 0.99272366807630497, 0.97873926456467653, 'seizure'
0.99926464535572024, 0.97617759166438789, 0.99543968648687631, 0.99229051162871063, 0.98747206906216978, 'seizure'
0.99953335997375625, 0.99518251679441649, 0.99202722671806287, 0.97616578339395377, 0.99167645172505003, 'seizure'
0.99914964285132224, 0.98807246240930702, 0.99568257723816078, 0.99475893466308274, 0.98803412658468548, 'seizure'
0.99928995407695953, 0.99246349895422692, 0.99389673542993007, 0.97843080737498345, 0.99009352827637109, 'seizure'
0.99996828355734346, 0.98301431035944342, 0.99388149956652683, 0.98974278571684005, 0.99508877081187197, 'seizure'
0.99767872887460041, 0.99512286516561255, 0.9858886264029143, 0.97717067348340669, 0.99053214048370586, 'seizure'
0.99942195328206729, 0.99008391820825581, 0.98886531086996698, 0.99264435699162268, 0.98065061272123755, 'seizure'
0.99906948658386441, 0.99083801897392576, 0.99515843795712322, 0.98181924185571767, 0.99707300714554592, 'seizure'
0.99940328240238352, 0.98700241271010736, 0.99459372285870506, 0.99212148269575773, 0.95602642374075808, 'seizure'
0.99928219503127369, 0.98488465844403916, 0.98623254451752895, 0.99793058642306021, 0.98517403830438466, 'seizure'
0.99991262017528759, 0.98613736064669322, 0.98648184837597186, 0.99272942563637467, 0.99163583020396118, 'seizure'
0.99856675748331336, 0.99057825641685093, 0.98051465725552889, 0.98822867230782052, 0.99666527628104606, 'seizure'
0.99927733190990631, 0.98370919430189718, 0.99084485272529166, 0.99162194732511799, 0.99734211601112599, 'seizure'
0.99982707170204821, 0.99108281053133729, 0.99156696816954337, 0.99437907266313219, 0.99782342894271014, 'seizure'
0.9992166249156601, 0.9935606930733244, 0.99401315366309517, 0.9832285971446304, 0.99749728213714395, 'seizure'
0.9994634429430741, 0.9894529052467409, 0.99037472383695979, 0.98176235191459615, 0.99237484828953026, 'seizure'
0.9997663097444921, 0.98982427440361898, 0.99243656109659195, 0.98409904249173819, 0.99175377260410602, 'seizure'
0.99796422210711033, 0.99414028567805512, 0.99449252519070819, 0.98398827166256353, 0.98638343765599701, 'seizure'
0.99909496353828231, 0.98575157283707115, 0.99809769219392963, 0.99772682936870838, 0.97661239423384305, 'seizure'
0.99958891297786645, 0.98967327128893845, 0.99440692414717036, 0.98216159766147182, 0.99249201710968638, 'seizure'
0.99980635681609775, 0.98361621301748103, 0.9977636673069038, 0.98614637776505099, 0.98363341903788626, 'seizure'
0.99852703149328492, 0.99283327180490499, 0.98747181962955266, 0.99284846003975669, 0.97468557508515796, 'seizure'
0.99957192978480747, 0.99175173857030818, 0.99571520770348987, 0.99447523111208069, 0.98562849296148702, 'seizure'
0.99900556149073061, 0.98890847220893174, 0.99534117321196891, 0.98470683364799616, 0.98456832989651688, 'seizure'
0.99957880395035226, 0.99203996913375581, 0.99041082320758256, 0.99239924561932769, 0.98836022312567628, 'seizure'
0.99973243134840784, 0.99382097081932141, 0.98680804553412726, 0.98882796320601252, 0.97434453937497778, 'seizure'
0.99914466254552059, 0.98803991497850918, 0.98557023126452892, 0.98603530770485703, 0.97458141926089181, 'seizure'
0.99998425981540184, 0.99054303841873281, 0.99703602655832024, 0.97989224677489084, 0.99656404221052741, 'seizure'
0.99966808756833025, 0.9879462160197795, 0.99895367063938612, 0.99517345102350652, 0.98050634861662622, 'seizure'
0.99901609895642141, 0.98979940290188473, 0.98729437346129867, 0.99150963083534704, 0.98863308755460622, 'seizure'
0.99990445226014801, 0.99195299526917247, 0.99858417623365958, 0.98974363887849504, 0.98667213867999137, 'seizure'
0.99938027059541223, 0.99675399599167813, 0.99246860023545769, 0.98031660477190874, 0.99594551107812168, 'seizure'
0.99919078742474188, 0.98745814119764019, 0.99568366485072624, 0.98863481206251003, 0.97796158348410756, 'seizure'
0.99958475592062057, 0.9955498346979107, 0.99182893649519188, 0.99659226998127648, 0.99244199051364124, 'seizure'
0.99935009097970096, 0.9863435834508143, 0.99330875055406442, 0.98570380802168867, 0.9840942696964855, 'seizure'
0.99874633696983328, 0.99216767538709305, 0.98877706606622751, 0.98444487488743737, 0.99818444675261775, 'seizure'
0.99978217945360037, 0.99538047695578291, 0.99507099508684771, 0.98698954174373643, 0.97118266320911983, 'seizure'
0.99983140689684169, 0.99000152078870696, 0.99562252602374912, 0.99582164212592705, 0.96505430297530681, 'seizure'
0.9992212507293774, 0.9905500094044718, 0.99684502444949818, 0.9903626169197548, 0.98400103464328204, 'seizure'
0.99962822001704632, 0.99151077132067233, 0.9978371578787858, 0.99251795255267949, 0.97516697904161775, 'seizure'
0.99855027165352905, 0.98831820168925111, 0.99184709540592464, 0.98925593334124129, 0.99196730311663406, 'seizure'
0.99924070264298215, 0.98411858054394519, 0.99601658206980737, 0.99718993437328607, 0.99110479119595107, 'seizure'
0.99972296109258807, 0.98813699990299853, 0.99288304991917975, 0.99561126549595103, 0.96639402406937724, 'seizure'
0.99985062544919112, 0.99248018514849312, 0.99096750972849479, 0.99848785035457588, 0.97907462338475348, 'seizure'
0.99927020163216329, 0.99603416600665329, 0.99558321717742693, 0.99645113484501247, 0.98637278657578076, 'seizure'
0.99974509719561944, 0.98857107530975674, 0.99118584274139265, 0.99163882625566835, 0.98055549855699087, 'seizure'
0.99866025418052451, 0.99393268487807218, 0.99309960297326849, 0.9883655558114014, 0.95609067699985884, 'seizure'
0.99937256665770025, 0.99036901484091866, 0.99070005616142509, 0.9795334431229642, 0.95658540545700577, 'seizure'
0.99934151872752341, 0.98870271987473801, 0.99659699859417727, 0.99138188131721339, 0.99759750718539209, 'seizure'
0.99870898200952174, 0.99488436681211123, 0.99034076827465856, 0.99084705299898934, 0.97237052428351323, 'seizure'
0.9992506534381137, 0.99215899866003343, 0.98936937944731318, 0.9860404448118969, 0.98982818626485569, 'seizure'
0.99988889377418178, 0.98709293607037085, 0.99438225683906223, 0.99664604879531582, 0.96315085824157676, 'seizure'
0.99941420222175648, 0.99102717386230754, 0.99608547270863124, 0.99169681270623355, 0.9865829100523239, 'seizure'
0.99928606962545541, 0.9897990008006331, 0.99711055263738535, 0.98714981782830813, 0.98253828585029657, 'seizure'
0.9994340855252819, 0.9932512357770793, 0.9918205333427963, 0.99076423821304938, 0.97070879908411767, 'seizure'
0.99952477614369828, 0.99116450646016374, 0.99454526965348722, 0.99889914422084436, 0.95831259791848356, 'seizure'
0.99959534392481164, 0.99032393460102996, 0.99364164913722886, 0.99686360894858583, 0.98769257028315061, 'seizure'
0.99981150702825861, 0.9932050777302649, 0.99395069482333032, 0.98573445818520122, 0.96121447482036892, 'seizure'
0.99879801124775625, 0.99338849103514471, 0.99440000189682476, 0.98834584823553306, 0.99484218620902354, 'seizure'
0.99971011557195311, 0.98427056220016074, 0.99611542703442513, 0.99501693004730674, 0.96853480030874495, 'seizure'
0.99938059137439139, 0.98919128156266478, 0.99718743428627699, 0.9974789293133125, 0.98770998433934809, 'seizure'
0.99952941773476567, 0.9879699390826443, 0.99584330529887255, 0.99124631913098982, 0.98124381134346672, 'seizure'
0.99896258392612391, 0.99359158587924479, 0.99230147571620986, 0.9958659510630874, 0.98721918907210293, 'seizure'
0.99747798221439454, 0.99053322093986229, 0.99450816645466822, 0.99870426252725153, 0.97286868824814521, 'seizure'
0.99984090872276699, 0.99272263869291844, 0.98515056226363673, 0.97884115567343044, 0.98175426509095987, 'seizure'
0.99976797173775167, 0.98620585747646727, 0.99522810578736975, 0.99900342099725825, 0.98932547924103775, 'seizure'
0.99860860141962682, 0.98697513836316408, 0.9867258015906164, 0.98422778475869532, 0.98953032235756944, 'seizure'
0.99983266544837113, 0.98703464650643191, 0.99391442111902939, 0.9883333918803564, 0.96464776609622138, 'seizure'
0.99964316866014824, 0.99037776494942564, 0.99109107929637263, 0.99850920631714735, 0.99010493261782284, 'seizure'
0.99915896880982491, 0.98807092864470147, 0.99456351439050072, 0.99866898274348415, 0.98065087796289974, 'seizure'
0.99894485601765337, 0.98618088973896467, 0.99356106111369547, 0.99178034407227988, 0.99237484828953049, 'seizure'
0.9990187980799371, 0.98665781662476226, 0.99589523131720348, 0.98377966648503179, 0.97964738818185404, 'seizure'
0.9994375723393647, 0.98876299522669053, 0.9967366289676578, 0.98457242689849123, 0.98800974559717003, 'seizure'
0.99955411686212758, 0.98836514357667116, 0.9913471570620912, 0.99470558698293221, 0.98851121349682691, 'seizure'
0.99802583509118359, 0.99208292526518671, 0.99483026202584712, 0.9881063085401065, 0.98566035745834257, 'seizure'
0.99882308699636912, 0.98437629913961355, 0.98631526967110061, 0.9980133237553811, 0.9790930444273217, 'seizure'
0.99939263775884357, 0.98597915625681576, 0.99151757182991807, 0.99266947763211144, 0.98988579610627125, 'seizure'
0.9986965369692864, 0.99074727242964211, 0.99402908348842234, 0.98646123038069722, 0.99856579299461978, 'seizure'
0.99766652349544316, 0.99144076020631178, 0.98858330169219177, 0.99016355104725517, 0.9896982723760066, 'seizure'
0.9996308307967402, 0.99461927230941061, 0.9944478881039891, 0.99061034301115869, 0.97346043599072796, 'seizure'
0.9967827234732749, 0.99126530961178461, 0.99658990154675553, 0.99005509554537507, 0.98027302060981725, 'seizure'
0.99914883611700644, 0.98596215127740683, 0.99235400967379794, 0.99969807373245478, 0.97863640406194097, 'seizure'
0.99924241126003743, 0.99149226450861072, 0.98836191263090667, 0.97511624662812024, 0.99130261870527081, 'seizure'
0.99945349841523567, 0.98878927212449474, 0.99225135129189324, 0.99490721114283487, 0.99184537410610762, 'seizure'
0.99867812406460477, 0.97843181524822387, 0.99101185420152715, 0.99017044457144288, 0.95377963463376025, 'seizure'
0.99934167221635872, 0.99141441863646262, 0.99252080472894022, 0.99028484905465441, 0.98945446810685955, 'seizure'
0.99953642828265798, 0.99672212087037537, 0.9862072403317409, 0.98980794683555484, 0.97776860766598628, 'seizure'
0.99891608520838759, 0.98524923980201762, 0.99500103392320161, 0.99694906348844936, 0.97832973703637449, 'seizure'
0.99925822102946316, 0.99184810216906472, 0.99345838359795147, 0.99452196177089147, 0.98758301091553768, 'seizure'
0.99954298582574297, 0.99029711066696968, 0.99393744489545299, 0.98159839728122844, 0.98380542066780963, 'seizure'
0.99896021173962446, 0.98900816648977241, 0.99195179964598279, 0.99796524825403221, 0.97888452802917236, 'seizure'
0.99726434437671874, 0.97544958817546568, 0.99135050614689502, 0.99809788783077646, 0.94938339468772381, 'seizure'
0.99844492678426477, 0.97667396036836274, 0.9911428394557763, 0.99680647401632139, 0.98840488198844556, 'seizure'
0.99919330506197168, 0.98855691721525185, 0.99216112572724369, 0.98835028695207117, 0.9838089882474601, 'seizure'
0.99814190469403685, 0.99387769814454074, 0.98872581752777478, 0.99633274995137133, 0.97660295421140586, 'seizure'
0.99989376448210132, 0.99176332358287755, 0.99493721282981917, 0.99237576788689208, 0.98710181923938867, 'seizure'
0.99847655584407968, 0.98577280941178946, 0.99214038210441879, 0.993179873606029, 0.98834198612527036, 'seizure'
0.99909902880793866, 0.98636455556235947, 0.99029960785522053, 0.99597932162457503, 0.99853816232004067, 'seizure'
0.99941650350632594, 0.99318341344198269, 0.9918465148465756, 0.99930196714769559, 0.99012334539497349, 'seizure'
0.99779097041781151, 0.98761180753937072, 0.99317542107954671, 0.98967265594948461, 0.99864772168765359, 'seizure'
0.99869264796752244, 0.99161359648281833, 0.99271694655210674, 0.99691942891768093, 0.98821694203320232, 'seizure'
0.99876000358925321, 0.99350434834254475, 0.99221570799817327, 0.98606077594114749, 0.99884505809898261, 'seizure'
0.99948531104902838, 0.99116647098018451, 0.98674547010081604, 0.99848785035457588, 0.97666602782514766, 'seizure'
0.99887150185345241, 0.99016056378860473, 0.99689034188860515, 0.99086231489684473, 0.98693879747842495, 'seizure'
0.99868102578206797, 0.98234529255526759, 0.9857160357633038, 0.99929525080560344, 0.9822904455796615, 'seizure'
0.99834171957159701, 0.99534653510424331, 0.98998087101302557, 0.99347736838464262, 0.97852371012631079, 'seizure'
0.991102662085799, 0.99110733246532212, 0.99591850961631556, 0.99617871591486162, 0.97528367392113313, 'seizure'
0.99949584059190277, 0.98533357567506508, 0.99546352044991149, 0.99544242662915283, 0.98016737111489949, 'seizure'
0.99860975635477611, 0.98848175467905419, 0.99116727865948018, 0.98240924886277281, 0.96814390865014943, 'seizure'
0.99950009706822895, 0.99123753429072603, 0.99650725634035264, 0.98908548795919526, 0.9761971062762036, 'seizure'
0.99874181254319239, 0.98633013917091839, 0.99819900700048292, 0.99413202369810405, 0.99463559373407495, 'seizure'
0.9991251194032067, 0.99086035069188871, 0.99538805186693102, 0.99146739205290357, 0.9804686797822274, 'seizure'
0.99983008602980405, 0.99144379445871789, 0.9926021396168212, 0.99300341530075331, 0.95873155167976776, 'seizure'
0.99952241769165318, 0.99316100539472318, 0.98650711019323867, 0.99793058642306032, 0.97495384978406063, 'seizure'
0.99973015327128967, 0.98779757071227337, 0.96164174066869712, 0.99585187047227819, 0.98494213348990489, 'non-seizure'
0.99973996883140159, 0.99093061795985882, 0.96202219671918621, 0.99903740762938975, 0.98326081850605729, 'non-seizure'
0.9994912011376248, 0.98354127097014055, 0.94772710066974308, 0.99545349481179035, 0.97853495319008832, 'non-seizure'
0.99902338503054322, 0.99095637412539417, 0.9512131806390558, 0.9920916017270287, 0.9799040765858188, 'non-seizure'
0.99834640771303518, 0.99665801416263766, 0.95259722331773178, 0.97720343725550207, 0.98449514871887656, 'non-seizure'
0.9943951817788067, 0.99423340950816363, 0.96478235176796023, 0.98983272468553318, 0.98652132512613377, 'non-seizure'
0.99915571127971448, 0.9953532568672725, 0.96093260033320027, 0.99136297691053565, 0.98004375416547607, 'non-seizure'
0.99977813818248928, 0.99254890507942983, 0.96573433290531241, 0.99513527629982856, 0.98859298085604685, 'non-seizure'
0.99951475140258839, 0.99658099180226623, 0.93865315905842484, 0.99783319487202382, 0.98039187197910627, 'non-seizure'
0.9964243904807375, 0.99648977556997465, 0.89960019038963701, 0.99210087655529233, 0.99628947428734327, 'non-seizure'
0.99608959450385404, 0.99982852257194954, 0.90886991647455817, 0.99316580142749655, 0.99608132096528645, 'non-seizure'
0.99841709067191842, 0.98352373863466391, 0.97635501318122653, 0.98489845482649097, 0.99593074080885113, 'non-seizure'
0.99951849195055498, 0.99140070623182475, 0.94946872261689785, 0.9884230931943585, 0.98932823215425847, 'non-seizure'
0.9942815127762189, 0.99803767033674484, 0.92368796423330846, 0.9882213692983931, 0.99210566425402591, 'non-seizure'
0.99686300559967589, 0.99827757156774433, 0.9006026197175292, 0.98386337997448214, 0.99218641074295388, 'non-seizure'
0.99976670464403228, 0.98548313248685593, 0.97378283132315313, 0.99256503609020619, 0.99752857213549595, 'non-seizure'
0.99636240725753233, 0.99962832726524808, 0.90862826241032368, 0.98616904905366043, 0.9974647090330736, 'non-seizure'
0.99622457574461665, 0.96399628801548454, 0.95967255042169508, 0.9894902391641982, 0.99803240848173769, 'non-seizure'
0.99707025137526673, 0.99004912786691357, 0.94781148068298149, 0.96622856096178222, 0.99365107887696724, 'non-seizure'
0.99773106127437416, 0.98872956739814599, 0.95934384429699404, 0.9632854325388972, 0.97458459464175506, 'non-seizure'
0.99629765066648379, 0.98381947308783013, 0.96346897894417594, 0.97940417997294205, 0.99063820511074374, 'non-seizure'
0.99645090589105079, 0.98926899657638101, 0.97829008656360161, 0.97048884684268821, 0.99734038216389287, 'non-seizure'
0.99864336918896635, 0.97945333704388182, 0.94524787358621143, 0.97236766223732307, 0.99377504906210512, 'non-seizure'
0.99843297363875627, 0.99343122281856722, 0.94586022580005258, 0.97031706893810621, 0.98314242222783088, 'non-seizure'
0.9991591032400482, 0.99365106878740928, 0.93578516747128726, 0.95362454431102717, 0.98649716813614619, 'non-seizure'
0.99936260852447323, 0.98313393963212015, 0.94421608588021111, 0.99209912563248637, 0.99117298591501934, 'non-seizure'
0.99733492365662357, 0.99807252085558229, 0.93207068738474952, 0.98516139294153537, 0.99707182384067483, 'non-seizure'
0.99981171760827647, 0.9873199894261333, 0.98642553250756648, 0.97366526558039923, 0.9881548892886699, 'non-seizure'
0.99935465117658484, 0.98363268978255314, 0.97676848057570054, 0.99898229916544878, 0.99436391513148914, 'non-seizure'
0.9993687207551305, 0.99458450443347979, 0.95712414973508586, 0.97097559931971056, 0.98787814710542443, 'non-seizure'
0.9993929198890743, 0.98191837944480054, 0.98268052582522214, 0.99797331717114068, 0.99544822568329405, 'non-seizure'
0.9993478074579214, 0.98870051920041058, 0.96915441860978524, 0.99604462765345803, 0.99627993532154979, 'non-seizure'
0.99488828012477126, 0.96437243661474825, 0.96725326356175911, 0.99511063412451062, 0.99513176493253752, 'non-seizure'
0.99854369027823431, 0.98412617792210155, 0.95837163185732144, 0.99416614760305433, 0.99882700607722685, 'non-seizure'
0.99715016491311903, 0.99779197374689033, 0.91736300244245117, 0.98953598413148181, 0.98129240215058844, 'non-seizure'
0.99894168214323065, 0.98855424315493057, 0.95062760225617871, 0.99778040469119678, 0.99884505809898261, 'non-seizure'
0.99603462602738735, 0.99925266947288005, 0.92635042297130654, 0.97646567324300548, 0.9901700966118091, 'non-seizure'
0.99507274016409997, 0.99767834563862223, 0.92651571111025655, 0.98028063181018632, 0.99457850755733257, 'non-seizure'
0.9966156415471622, 0.9953525882071903, 0.90539264370925465, 0.98915410267437209, 0.99620695370427204, 'non-seizure'
0.99923572476499045, 0.99719988334139098, 0.89978555411694516, 0.99289623852439768, 0.98866451431056024, 'non-seizure'
0.99756907851887899, 0.99930250805059961, 0.91008541557331268, 0.98786806273580274, 0.99949197489736319, 'non-seizure'
0.99952742016343132, 0.97169815683136673, 0.97227310603303552, 0.99636500139930895, 0.99753631660324205, 'non-seizure'
0.99898225299003762, 0.97149525651531321, 0.96635381749168581, 0.99119916082038129, 0.99553988252522618, 'non-seizure'
0.99896191969329418, 0.97619632940557055, 0.96768028395808448, 0.99470346141733157, 0.99391366910695633, 'non-seizure'
0.9969509586469617, 0.99526133481469992, 0.9305137041905025, 0.96834495456041447, 0.99237643379886897, 'non-seizure'
0.99812371152309098, 0.99527657754566667, 0.93350055902501505, 0.95138586530383507, 0.99157221001209161, 'non-seizure'
0.99908183205859435, 0.9795527145829217, 0.98795769195858041, 0.99394272392400884, 0.9948941859191438, 'non-seizure'
0.99894917563907604, 0.98701837044812601, 0.97308964072764814, 0.98711172498871658, 0.9932436136388797, 'non-seizure'
0.99727277286306582, 0.97908115400479856, 0.97591462708783971, 0.99253632965298455, 0.99791316538809649, 'non-seizure'
0.99946809055139374, 0.97919876272315298, 0.95991643731528742, 0.99090557058392192, 0.99246835981817894, 'non-seizure'
0.9999131005150117, 0.9736248146997597, 0.98024006869728586, 0.99646222015184993, 0.99729154434316536, 'non-seizure'
0.99948259682112273, 0.98624507028980568, 0.93771072188458193, 0.98745650682691133, 0.9960361825800661, 'non-seizure'
0.99861894765769965, 0.99483150341673299, 0.95064489536661012, 0.95495866556704279, 0.98745650682691133, 'non-seizure'
0.99875967132655374, 0.99573822810233759, 0.9388409041000958, 0.95599262864684875, 0.99099950804804027, 'non-seizure'
0.99994759290812985, 0.97946844833114766, 0.98771736845927194, 0.99053817524042309, 0.98834644117809256, 'non-seizure'
0.99750081830274151, 0.98433375161268055, 0.96005149792098754, 0.94417210401585705, 0.99329443400742912, 'non-seizure'
0.9992046691477402, 0.97383748363174127, 0.99263643178372107, 0.99939707286428103, 0.9934694286764536, 'non-seizure'
0.98932579641461393, 0.99379124953318754, 0.99420479418814056, 0.99715394223558607, 0.99814819979624125, 'non-seizure'
0.99474591325601491, 0.99385455663141675, 0.99658545641638152, 0.99831014044464794, 0.99468413386499788, 'non-seizure'
0.99765022834527095, 0.99302768980495826, 0.99739470246796302, 0.98856589175766163, 0.99484273305885518, 'non-seizure'
0.9824841706106382, 0.98943395517547661, 0.99660569979370972, 0.9915230164534774, 0.99739375013104026, 'non-seizure'
0.98844345729887073, 0.99390655687219986, 0.99688054172437934, 0.99584013777336822, 0.99329443400742912, 'non-seizure'
0.99615201993403979, 0.98845537829825436, 0.99035846835207808, 0.99858090998949101, 0.99906015360574596, 'non-seizure'
0.99980889053188426, 0.98860382517570078, 0.99362764456344144, 0.99838357357816199, 0.99944624117675418, 'non-seizure'
0.99420216137370909, 0.99569630451748081, 0.99361760944767508, 0.99839834384968917, 0.99598544737772121, 'non-seizure'
0.98683550398964759, 0.9918706290707715, 0.99666084839428792, 0.99853816232004067, 0.99325016922482334, 'non-seizure'
0.97530850934888946, 0.99640102120977325, 0.99030330871550698, 0.99929525080560333, 0.99869046935710359, 'non-seizure'
0.99926736793091753, 0.98930653320186368, 0.99713014769469677, 0.99614443358366078, 0.99200747969700331, 'non-seizure'
0.98629348549764662, 0.9902745876859731, 0.99752401897230225, 0.9972508401725857, 0.98611354463896617, 'non-seizure'
0.98442816446371917, 0.99297133849697949, 0.9959002100511658, 0.99501626265092402, 0.99923904953053821, 'non-seizure'
0.98949277588792217, 0.98770600315872037, 0.9960047959378151, 0.99379813967260622, 0.9957330189951149, 'non-seizure'
0.99248676284390991, 0.99881114899256151, 0.99194091598916934, 0.99277674220976386, 0.97715134685161653, 'non-seizure'
0.98007727215141749, 0.98610883954823969, 0.994523353558041, 0.99954708336130416, 0.99084863718310567, 'non-seizure'
0.9883267328336206, 0.98633962717133317, 0.99812576030358657, 0.99547721700545333, 0.99844641935103795, 'non-seizure'
0.98797429302590101, 0.98533165418076063, 0.99889902163251332, 0.9976927654573392, 0.99386989746985666, 'non-seizure'
0.99671920478319165, 0.99635278430613694, 0.99313453327042234, 0.98989901762449128, 0.9927935115377936, 'non-seizure'
0.99351330249284975, 0.99851093184938033, 0.99449434775531442, 0.99176814870831065, 0.98376600938872094, 'non-seizure'
0.9800676849896941, 0.99609234681643266, 0.99790835602796379, 0.99777066225950894, 0.98453713425153899, 'non-seizure'
0.99196868851690589, 0.98893014861186346, 0.99890577593977192, 0.99494348055506221, 0.98446896495366976, 'non-seizure'
0.99412893609587671, 0.99683668030811612, 0.99319739574667043, 0.99526867134804187, 0.99239383192751551, 'non-seizure'
0.99003359213983133, 0.98814429200321274, 0.99983910001140475, 0.98974625120218329, 0.98989104462857636, 'non-seizure'
0.96572211749930925, 0.98526917959805915, 0.99969940080448894, 0.99487063306474721, 0.99218808507719103, 'non-seizure'
0.98300391769817763, 0.98433216063271645, 0.99898937460648063, 0.99673108535099653, 0.99483363310199058, 'non-seizure'
0.98315990578084222, 0.9856576559322815, 0.99908966789801157, 0.99766000074917593, 0.98932557234048712, 'non-seizure'
0.99209699931534345, 0.98748875128139058, 0.99416790817637957, 0.99115211475373066, 0.99361792577905683, 'non-seizure'
0.99383065828533335, 0.99518323749808901, 0.99746804149298374, 0.99844641935103817, 0.99220675562483396, 'non-seizure'
0.99374145302547179, 0.99345103051455752, 0.98947445759003438, 0.99920248686975777, 0.98528867416314236, 'non-seizure'
0.99584589746961949, 0.99449755047264565, 0.99410052607018307, 0.99559177634763607, 0.9917878933289942, 'non-seizure'
0.99012282870363755, 0.98553132737504701, 0.9979308844761392, 0.98954860026567293, 0.99716374375349215, 'non-seizure'
0.95631332640040256, 0.97661411030582479, 0.99919508298627358, 0.99441839897761009, 0.98549469636722953, 'non-seizure'
0.99812643058051609, 0.98297407639509382, 0.95921158820667352, 0.98184271871984952, 0.99317060325674877, 'non-seizure'
0.9971251218009396, 0.98543114416641397, 0.94404243256654941, 0.99391969040015016, 0.99532100680279312, 'non-seizure'
0.99813756164153034, 0.98619168964393866, 0.9554271192395758, 0.98999260432987468, 0.99126606238945447, 'non-seizure'
0.99453564382325244, 0.99947227669187688, 0.93555647627105132, 0.99569135844148693, 0.99652506592472601, 'non-seizure'
0.99621598346532547, 0.9987609516758319, 0.90886991647455817, 0.98825036304672886, 0.99864059532305127, 'non-seizure'
0.99801938857137873, 0.99308510608353584, 0.94311184414326965, 0.99663657375954651, 0.99458246274515472, 'non-seizure'
0.99933994607768861, 0.9926681814856072, 0.93912321973264823, 0.99722265345793337, 0.99357555449135093, 'non-seizure'
0.99898295382023372, 0.99090305526561029, 0.96865393625964347, 0.99459364638452064, 0.99477272453015475, 'non-seizure'
0.99875162783215299, 0.98775670634764612, 0.96076888861293197, 0.99500459504462146, 0.99757813300918707, 'non-seizure'
0.99692748053256408, 0.99957531927509546, 0.93056413230209212, 0.97726743331785726, 0.99715573445600048, 'non-seizure'
0.98619180560756992, 0.99426121171373472, 0.99719019339709125, 0.99807765490059952, 0.99802001819315955, 'seizure'
0.99217828416749954, 0.9872571210105201, 0.99635605555097861, 0.98034873391251498, 0.99543955050588884, 'seizure'
0.98400530251814644, 0.99135583298320606, 0.99782364223528375, 0.98777068876698826, 0.99913688790732758, 'seizure'
0.98545196540367352, 0.98391220059459727, 0.99207252492760645, 0.94763512841939612, 0.9622840083154528, 'seizure'
0.99856934611496795, 0.98571225720599176, 0.99016044344210852, 0.96498333420121374, 0.99217726620792657, 'seizure'
0.99516532467945318, 0.97946273894499913, 0.99247848500492508, 0.96714770651537185, 0.95143547151548835, 'seizure'
0.99886685803943109, 0.98723774315825086, 0.99879222221637498, 0.99657063115964639, 0.9172745199110115, 'seizure'
0.99031328586385148, 0.97253571325465982, 0.95548438526811075, 0.9413733680104559, 0.95151486685611908, 'seizure'
0.99432548502760876, 0.98917711347329196, 0.96384362734489915, 0.93207691107141488, 0.91525444738851625, 'seizure'
0.98728663739159184, 0.98217758867890992, 0.99487849041550958, 0.99667656203597332, 0.97861373426439979, 'seizure'
0.99219765355667089, 0.98321512429392988, 0.99348813209915543, 0.99436917978280248, 0.98755761752634375, 'seizure'
0.99303829363770868, 0.99702311885101125, 0.98809964328205024, 0.97262428952233704, 0.96262561673561453, 'seizure'
0.98222306593888886, 0.9892092608873605, 0.96585063140838368, 0.92172356633754571, 0.92991063522637152, 'seizure'
0.99535832254463263, 0.98257988781627936, 0.98919024121589227, 0.97093295852168848, 0.99949900785995538, 'seizure'
0.99885821298064958, 0.99228398228241366, 0.97781517572952215, 0.98917243777702846, 0.90202064496041112, 'seizure'
0.99852977152772238, 0.9861426698833915, 0.99196932247088287, 0.98976808858822118, 0.87497878943559981, 'seizure'
0.99785134397765918, 0.98706289825243343, 0.99733178455974869, 0.98153232463972484, 0.98649567512325809, 'seizure'
0.99864217268994804, 0.98593048608262246, 0.98658518067043854, 0.98917736680120927, 0.94054452427912549, 'seizure'
0.9863156112812832, 0.98599876949051091, 0.9890010486502494, 0.99764769512415552, 0.96082923145880073, 'seizure'
0.99851808332230929, 0.98994229813702705, 0.95517065894669684, 0.95486376548256946, 0.95970140168257678, 'seizure'
0.99981006164534814, 0.98953762179914606, 0.99463786786560326, 0.98306385267495622, 0.98660979702095686, 'seizure'
0.9978654904652835, 0.98988426061637425, 0.99704315087194395, 0.99061332726262474, 0.97419590802744549, 'seizure'
0.99601705325608469, 0.99686105268856307, 0.99144427940597502, 0.97937512166160889, 0.99696577773286421, 'seizure'
0.99605600971603392, 0.9916433100081492, 0.98002657952304784, 0.99646927817572306, 0.98459602058644835, 'seizure'
0.99958848173330195, 0.98677828693170977, 0.99671441017403761, 0.99606887077695005, 0.98103278758529533, 'seizure'
0.99808950456913492, 0.99216270268500473, 0.98670182224598801, 0.96139607270839078, 0.96281736418824493, 'seizure'
0.98629101853005585, 0.99324942439254615, 0.99887429668079419, 0.99606820528380535, 0.99140307160268482, 'seizure'
0.99219174987585257, 0.98497038160651362, 0.99599486793917513, 0.96710880857660753, 0.98707971848286669, 'seizure'
0.99893688427978311, 0.98989092216747465, 0.99080083298379373, 0.98946375063406189, 0.92519302051407959, 'seizure'
0.9934533467272576, 0.99159414111253075, 0.98700858430557237, 0.99545731203105647, 0.99657613098078612, 'seizure'
0.99825503747981459, 0.98803915941330511, 0.97128466219547172, 0.92871052210153049, 0.94252340348990848, 'seizure'
0.9992608158953562, 0.99312784250958575, 0.98237478165628689, 0.98734426578297607, 0.95440589737605064, 'seizure'
0.99466205477850544, 0.99596014710818026, 0.98315965363548552, 0.98738372569352573, 0.98920724831145468, 'seizure'
0.99544052363893065, 0.98838579022006112, 0.98882828450756788, 0.98216159766147182, 0.98676618832182772, 'seizure'
0.99418569307040761, 0.99466152827159815, 0.9983507361360221, 0.99527641143609225, 0.99510115794699061, 'seizure'
0.98229595123903501, 0.99710188009764167, 0.99149932442341793, 0.94029301104054008, 0.97476901288784501, 'seizure'
0.98328995498447047, 0.99483042904137831, 0.99496288710086567, 0.98904473187670794, 0.977192170238667, 'seizure'
0.99811421501016284, 0.99858571156507592, 0.99020353320278021, 0.99472181441378194, 0.99553281945753325, 'seizure'
0.98205234129924612, 0.97195906896835971, 0.96764274241904324, 0.94276434898735528, 0.95556980378055634, 'seizure'
0.9996645541617557, 0.98241869644669222, 0.98609824911240229, 0.99715142715998184, 0.89821001857139593, 'seizure'
0.99773953885077227, 0.99249390358454914, 0.99485666612600954, 0.98294426742875518, 0.98889883279983981, 'seizure'
0.99008317897827691, 0.99432367008385492, 0.93867792565383801, 0.94372393250664088, 0.97161840896029905, 'seizure'
0.99830815588951316, 0.99186728378651612, 0.98890174292391608, 0.98970974845586923, 0.99667284552819724, 'seizure'
0.98465137480105158, 0.99401817894652778, 0.988000623409926, 0.99119889799095928, 0.97938288830045983, 'seizure'
0.99974607177814989, 0.986438297578768, 0.99757763295516999, 0.99663114508559858, 0.8999333809765343, 'seizure'
0.99113278061281607, 0.99436207178889147, 0.9871935541651391, 0.98331657842276088, 0.96515028938676983, 'seizure'
0.98589083965668156, 0.98565778974836993, 0.99319748764519755, 0.99351011992976201, 0.96121736849019968, 'seizure'
0.9936300601121193, 0.99302205777386254, 0.98815968178083591, 0.95914927057653654, 0.97429429806701873, 'seizure'
0.99373666531767324, 0.99268263334003726, 0.98451511565320726, 0.99770740507781863, 0.99550941599611786, 'seizure'
0.98296663921847993, 0.98730739790171995, 0.97972106604942144, 0.96473625798609941, 0.96995824887236115, 'seizure'
0.9974548518140649, 0.97761645341950587, 0.99031855612418795, 0.98579642093474784, 0.9908158892539215, 'seizure'
0.99218234424319929, 0.98140301048351297, 0.99748009820674799, 0.99259383161385095, 0.99766670210359487, 'seizure'
0.99881228858948834, 0.99086472190207076, 0.99262246468261506, 0.99215483506738744, 0.94247885583825286, 'seizure'
0.98765285991166119, 0.98695597151921999, 0.96099018405258252, 0.93235536707050071, 0.96166476845925974, 'seizure'
0.99632011517144392, 0.99679430392214841, 0.98967407902685034, 0.95495127987662709, 0.99121626256248407, 'seizure'
0.99622480694946136, 0.99378863039497845, 0.98739625646458673, 0.99589481241150635, 0.98821742795730616, 'seizure'
0.99686185509888303, 0.99074597578768853, 0.94682912993577506, 0.95760508975401792, 0.96232204695561896, 'seizure'
0.98550332436995547, 0.98329278051208058, 0.99224198333236902, 0.99011364605109975, 0.9924428401430867, 'seizure'
0.99040228551112097, 0.99006032782403175, 0.98677692446357057, 0.96940350868762937, 0.97424138767386392, 'seizure'
0.99356239036330352, 0.98783916712475472, 0.99571574447131372, 0.99598482693071289, 0.96043393877690353, 'seizure'
0.99474081704976092, 0.98051414614099042, 0.97234550479976423, 0.92958363504271746, 0.94439099238771829, 'seizure'
0.99586182362662112, 0.98246420572486926, 0.98348713808466626, 0.98160077107861343, 0.98799236475782726, 'seizure'
0.99675184373808345, 0.99207288778466629, 0.98552412931909306, 0.98950012215766814, 0.95853752192021968, 'seizure'
0.99431185347519224, 0.98887718599130736, 0.97997820526831469, 0.97864527284758007, 0.99608059584170983, 'seizure'
0.99844993772072632, 0.99172003702949996, 0.99157920364814034, 0.97312088701574417, 0.99748024597922502, 'seizure'
0.99860920804583964, 0.99436785309700371, 0.98562070922662759, 0.98603264126428281, 0.99054626050312833, 'seizure'
0.99377248991983347, 0.99365008877972949, 0.98941492864125558, 0.9912514199305682, 0.98428083982136449, 'seizure'
0.99343037722091965, 0.9957062042255802, 0.98568110657000696, 0.99709247727430994, 0.99652482057304914, 'seizure'
0.99820146322895498, 0.99332861688634722, 0.998340322921908, 0.99924951708499432, 0.92362917514817278, 'seizure'
0.99695910192071757, 0.98470211667904084, 0.98261112292121999, 0.95414735423652264, 0.95198430064112216, 'seizure'
0.99909655070035275, 0.99337239374826192, 0.9588477391717769, 0.99028175373216876, 0.94252404052026839, 'seizure'
0.98598445621724673, 0.9691827772067203, 0.99138236033678429, 0.93568078679422184, 0.96844059018062911, 'seizure'
0.97997944385613567, 0.99193425930039159, 0.97597820584934336, 0.98705205417359954, 0.9998993760690702, 'seizure'
0.99909498025593912, 0.97481417367307666, 0.9885500176333426, 0.98814557506886735, 0.95487471040718042, 'seizure'
0.99064049451925273, 0.99336623413034386, 0.98844624196843112, 0.96666632059649227, 0.92998766760277451, 'seizure'
0.98600992514387298, 0.98921761611951742, 0.99814270104729097, 0.98229653210647339, 0.99514975076122669, 'seizure'
0.99647678491707137, 0.99232733401619289, 0.97718845383826169, 0.99076559171460654, 0.99662247591411146, 'seizure'
0.99923793479860168, 0.99102018527012259, 0.99466995280106862, 0.97701676644467927, 0.98254525563832229, 'seizure'
0.98754857257664508, 0.99249825732246999, 0.95929235617990161, 0.98484582803733278, 0.92969137312498307, 'seizure'
0.98385380060150807, 0.96645242790775387, 0.95184072252764262, 0.9243185585369933, 0.94570372976771022, 'seizure'
0.99558572228977393, 0.99367919798408744, 0.99550427868786306, 0.9965661339272418, 0.96902071129632705, 'seizure'
0.99309273953849908, 0.99266396669008539, 0.9696325387812984, 0.95397349844564472, 0.94223370492440583, 'seizure'
0.99608086559345577, 0.9722051331667817, 0.97623804276968684, 0.97717695265791316, 0.98032076531260892, 'seizure'
0.99924058487267708, 0.98244732079023678, 0.98869171277944956, 0.99675029331501941, 0.90409610395124673, 'seizure'
0.99198810551592276, 0.98827278767025895, 0.99893685162887913, 0.99764080269638522, 0.97044374870008299, 'seizure'
0.99165756051183995, 0.97780556523370299, 0.99393663695867185, 0.99383147737709099, 0.99930228376819552, 'seizure'
0.99486753130753869, 0.99851810507063854, 0.98729503302352017, 0.97669374459688052, 0.98716347499425094, 'seizure'
0.99077340598012154, 0.99317709714857061, 0.97830126826273756, 0.96758932435080047, 0.92673444050681164, 'seizure'
0.99925176607253408, 0.98869408774076872, 0.99046009773078181, 0.99518961018127639, 0.88747419093170354, 'seizure'
0.99485021577051036, 0.99069943947001471, 0.99960980863021109, 0.99974838569791957, 0.99505984294476779, 'seizure'
0.99357279492185313, 0.98044439638603975, 0.99493134710403763, 0.95806451246644375, 0.97704338448318317, 'seizure'
0.98556188327832261, 0.98216914605128003, 0.99370689381769972, 0.99114883197944736, 0.98745360057835718, 'seizure'
0.99171987514941518, 0.99063287653922005, 0.99671966062375328, 0.99394777390700217, 0.96850545330636906, 'seizure'
0.99525578202939613, 0.99216570812920202, 0.94534741475417949, 0.95514036230924282, 0.9696033608158553, 'seizure'
0.98977529834791711, 0.97679266307873924, 0.95646696697632871, 0.93662002426558977, 0.95777576733552339, 'seizure'
0.99228258931940505, 0.98878858762008937, 0.98310841663204818, 0.98153114566601307, 0.99519262030815725, 'seizure'
0.98739046576066225, 0.99787762773705069, 0.95536596426733955, 0.92954411562458583, 0.94505115714291876, 'seizure'
0.98671454622188448, 0.98942562579552096, 0.95717533673747124, 0.93410839568670878, 0.96874758121639737, 'seizure'
0.99137028122904591, 0.97913142428682431, 0.99216241539095562, 0.99788866811777488, 0.98608009833586019, 'seizure'
0.99586548305124523, 0.99093045465164709, 0.9926679531229996, 0.95168911257387101, 0.95491775085556185, 'seizure'
0.99938437160199978, 0.97967472914899223, 0.97144907578132789, 0.99611639023596887, 0.99019385409365979, 'non-seizure'
0.99961191270066541, 0.98276306821682757, 0.99244464191540582, 0.99615961032867439, 0.99686360894858594, 'non-seizure'
0.99916469339141945, 0.99058354706292706, 0.97215983445336129, 0.99974838569791957, 0.98963103633125882, 'non-seizure'
0.99888529712551599, 0.9817705943825763, 0.98811703831816777, 0.9948941859191438, 0.99502460745218746, 'non-seizure'
0.99935142324173531, 0.9854964349730071, 0.98875545449863367, 0.99555263464112287, 0.97720921624839063, 'non-seizure'
0.9985630260656142, 0.99172290479335468, 0.977710137992854, 0.99396150518647497, 0.99879131154165379, 'non-seizure'
0.99590492754460114, 0.98193763698947412, 0.98845229035261128, 0.99542326008992066, 0.99228969380622789, 'non-seizure'
0.99960895682301543, 0.99235217288249133, 0.98414761900971526, 0.99570637121253636, 0.99485390438001831, 'non-seizure'
0.9981571464551463, 0.99221606625819214, 0.99201546095716442, 0.99273686977670628, 0.99095424704264556, 'non-seizure'
0.999495934282709, 0.97965054710435218, 0.99164115273137077, 0.99855623653238379, 0.97519973571471241, 'non-seizure'
0.99895488656679621, 0.97892626526719662, 0.99627635220590083, 0.98104199980004747, 0.99650855206365119, 'non-seizure'
0.99476397542946915, 0.98191282799203028, 0.99293526938819665, 0.99482969718679903, 0.98972105837298452, 'non-seizure'
0.99802826957681445, 0.98243893598507126, 0.99637809390350884, 0.99688506098183571, 0.9953771043751537, 'non-seizure'
0.99921594002490666, 0.98864714937614717, 0.9923668893686135, 0.99513523596033415, 0.98960248062579248, 'non-seizure'
0.99858528253095824, 0.9765822991048122, 0.99256999677814628, 0.99446546358508303, 0.98194232776603074, 'non-seizure'
0.99992925420789613, 0.9842445245773036, 0.99560900561137056, 0.99628635130371412, 0.97391915300208265, 'non-seizure'
0.99894077768826128, 0.98158542555004857, 0.9962744372720459, 0.9947674016656316, 0.99332598792735538, 'non-seizure'
0.99962762278350559, 0.97825440547348275, 0.99117033181298264, 0.99798992171113932, 0.98556677360908318, 'non-seizure'
0.99668497361907116, 0.98339488497651006, 0.99475276426009163, 0.99540759393744049, 0.99053398795688541, 'non-seizure'
0.99965265730567954, 0.98137760130888541, 0.99459042560731092, 0.99674252764703997, 0.99516363250114148, 'non-seizure'
0.99946171921030103, 0.98093180450946338, 0.98788713085158464, 0.99812429496957344, 0.98120016309994029, 'non-seizure'
0.99863869789241699, 0.97984835239731205, 0.995792764371354, 0.99715573445600059, 0.98164868368112645, 'non-seizure'
0.99978345411308778, 0.98544559051566349, 0.99623214583685837, 0.99929525080560333, 0.99440967964867899, 'non-seizure'
0.99785673157644683, 0.9915787880234791, 0.99682212130372627, 0.99481050052971276, 0.99463164566285911, 'non-seizure'
0.99894284798170696, 0.98593686964725036, 0.99449249204329937, 0.99601458908431018, 0.98721918907210293, 'non-seizure'
0.99924455072240392, 0.98880047416803918, 0.99752859410861794, 0.99831014044464794, 0.97955721820179453, 'non-seizure'
0.99543129390760976, 0.9560046599832166, 0.99693303378423614, 0.99555881543324964, 0.99675693222920081, 'non-seizure'
0.99834082341552632, 0.98880262002237151, 0.98825044788636973, 0.98551724502505345, 0.987320521001392, 'non-seizure'
0.99743891866762535, 0.99148326116719709, 0.99633394161276123, 0.99916443038215996, 0.99411177202153855, 'non-seizure'
0.99801647166507401, 0.97603892472243459, 0.99060858829160381, 0.99786153126818222, 0.99564379826052729, 'non-seizure'
0.99972128963814511, 0.98193269619298129, 0.98611518988609537, 0.99452126053175938, 0.99414762943276691, 'non-seizure'
0.99870336878785404, 0.98265377185858105, 0.99141856904310044, 0.99608968196865455, 0.98588926079946282, 'non-seizure'
0.99852288562621438, 0.98404417733181859, 0.99954928625962602, 0.99758174864465432, 0.98968910817890421, 'non-seizure'
0.99972999900735138, 0.98477536101226637, 0.99170001684585851, 0.99588592491430239, 0.99570804304588523, 'non-seizure'
0.99945464484940383, 0.99384019752172226, 0.96193060183100854, 0.99510007058747685, 0.96244848253124571, 'non-seizure'
0.99959709614278425, 0.98714426968008684, 0.99584027321073965, 0.99642193480012531, 0.98536089130939131, 'non-seizure'
0.99903570772223615, 0.99117995067223352, 0.99094914451996219, 0.99809788783077624, 0.98726588071399379, 'non-seizure'
0.9996265858308756, 0.97808272390933482, 0.9949267595740855, 0.99813105684740311, 0.98726588071399379, 'non-seizure'
0.99953484660513747, 0.99419777818577204, 0.97788258542466533, 0.99974838569791957, 0.96001441864523884, 'non-seizure'
0.99980614255490785, 0.97943270689442086, 0.99014087591877253, 0.99782097422497362, 0.99704037308843074, 'non-seizure'
0.99977996295715288, 0.98693413940089669, 0.97461491293942915, 0.99372977817168229, 0.99320203337865787, 'non-seizure'
0.9980888147436342, 0.98579554682815296, 0.99258357874272862, 0.99464323263838961, 0.98830347451071332, 'non-seizure'
0.99953231024705291, 0.97953182081012813, 0.99296025160255041, 0.99979989579113226, 0.99659620931013648, 'non-seizure'
0.99827280937355922, 0.98557289398725345, 0.9929646574424098, 0.99850920631714735, 0.99315287809046415, 'non-seizure'
0.99901958401285296, 0.98527965789237837, 0.99546571573262566, 0.99833481390175494, 0.99020927034728168, 'non-seizure'
0.99981054809868863, 0.99088615094564814, 0.99023022415365924, 0.99486361310857929, 0.99414506866169583, 'non-seizure'
0.99975881008985479, 0.98920809175072388, 0.99035313639633704, 0.99761967188835832, 0.99381666119446932, 'non-seizure'
0.99749802702511048, 0.98107225204493775, 0.98671647306226773, 0.98992749512964529, 0.98720319088971742, 'non-seizure'
0.99920198932846727, 0.9828780610222706, 0.99505548286863044, 0.99303869882335127, 0.99878557507368892, 'non-seizure'
0.99844564031829575, 0.98335891371137818, 0.98578594229526451, 0.99564319810942614, 0.99450349900659185, 'non-seizure'
0.99944291826108844, 0.98942398604388837, 0.98900556443942711, 0.99346272876416353, 0.99882597795157313, 'non-seizure'
0.99580801554930232, 0.96463921233886185, 0.99689320855709951, 0.99617871591486162, 0.9952320150420666, 'non-seizure'
0.99885551533231376, 0.9806618072338722, 0.9861817131156132, 0.99759995918733968, 0.98746763670436877, 'non-seizure'
0.99982568988046128, 0.99170941719978323, 0.98230522322749914, 0.99684770334102357, 0.97644896182927732, 'non-seizure'
0.99945847207380845, 0.98435985551103666, 0.99179747947121599, 0.9971850752672996, 0.99906260832348248, 'non-seizure'
0.99898275725336982, 0.98823609530587209, 0.99528559473806022, 0.99638186049990973, 0.97896178996715966, 'non-seizure'
0.99992314517636338, 0.98817250444955129, 0.96205236998851529, 0.99885885126913054, 0.98764808959115113, 'non-seizure'
0.9981210806571813, 0.98639973954536009, 0.98776460290081503, 0.99697249407495636, 0.99061782359797024, 'non-seizure'
0.99899710580567946, 0.98336198701393518, 0.98809622035579792, 0.99782711828593329, 0.99718967890265109, 'non-seizure'
0.99969420448194179, 0.98409005367960778, 0.98945953695394984, 0.99328672641109206, 0.99761929777495228, 'non-seizure'
0.99908410195306829, 0.97980185096187855, 0.99478779403360107, 0.99300365832364923, 0.99637344647270099, 'non-seizure'
0.99948791811027771, 0.98897294267648006, 0.97903753088076484, 0.99583686738960486, 0.9862264857731301, 'non-seizure'
0.99423092527538937, 0.98185839825889742, 0.98845429481160985, 0.996362739873912, 0.99624296070021956, 'non-seizure'
0.99921804506373946, 0.98575724174087731, 0.98759111377337816, 0.99484811321218936, 0.99590984238552949, 'non-seizure'
0.99541757731089398, 0.96956607091815716, 0.99618205398242232, 0.99821879003686331, 0.99844211663396676, 'non-seizure'
0.99827493730279737, 0.97746437644420392, 0.99267884198918932, 0.99974838569791957, 0.99269193262068278, 'non-seizure'
0.99996916160233806, 0.99121799301255908, 0.98413297918518083, 0.99754474050219089, 0.97121640234143247, 'non-seizure'
0.99980761120542749, 0.99108364963701179, 0.98724469342088728, 0.99890298883521811, 0.9801699330289434, 'non-seizure'
0.99919005622887802, 0.99114886167957839, 0.9872226740740504, 0.99315738073496829, 0.97838235736937151, 'non-seizure'
0.9998962587914576, 0.98862585014204618, 0.9673003115371922, 0.99900342099725836, 0.97510392115206812, 'non-seizure'
0.9993977055716261, 0.99247628779480246, 0.97631911598293664, 0.98995423208035238, 0.96565811232927212, 'non-seizure'
0.99891415022948404, 0.97354795755146761, 0.9946604134930771, 0.99945655588957449, 0.99823601779887516, 'non-seizure'
0.99777985207092024, 0.98326867714263066, 0.98108621970095145, 0.99831603385068524, 0.99780260280997024, 'non-seizure'
0.9996340410971033, 0.98618064442938014, 0.98088064931143959, 0.99213670646483798, 0.99204813060591934, 'non-seizure'
0.99969661379018782, 0.99321032563456058, 0.9868988295903991, 0.99331903290301904, 0.99443510740056695, 'non-seizure'
0.99973354966773564, 0.98764033293062392, 0.99062997692304144, 0.99312553292356498, 0.97971362919222171, 'non-seizure'
0.99989694821454467, 0.98810303727094884, 0.98395245682498211, 0.99686949393058377, 0.98488186097959429, 'non-seizure'
0.99531176883366923, 0.96842043771535968, 0.99505548286863044, 0.99818653009315406, 0.99665489189936463, 'non-seizure'
0.99991627602696631, 0.98824140635045887, 0.99174819345857224, 0.99541159879501351, 0.99679809699496613, 'non-seizure'
0.99833370946054334, 0.97615120108985576, 0.99511554129536073, 0.99641269149825051, 0.99658174577533509, 'non-seizure'
0.9999257333231002, 0.99273071245251687, 0.98255661040869735, 0.9913010682357094, 0.99770740507781841, 'non-seizure'
0.99948698552106485, 0.99213977615065607, 0.99571341301364835, 0.99669882540728749, 0.99709247727431005, 'non-seizure'
0.99921022061249343, 0.98234950212901284, 0.99158653100998762, 0.99608132096528645, 0.995503698929045, 'non-seizure'
0.99927793735196246, 0.98837599912722851, 0.98598279670397249, 0.99979989579113226, 0.98088349456657731, 'non-seizure'
0.99787085527051367, 0.99005802161685807, 0.98115791566260091, 0.9992504570544829, 0.98855983204883968, 'non-seizure'
0.99896856730674211, 0.98508963616135492, 0.99093039110142189, 0.99870426252725175, 0.99413194768576885, 'non-seizure'
0.99987364599375927, 0.9890181617041286, 0.9900750791259012, 0.99498742471041268, 0.99527544445325711, 'non-seizure'
0.99984619737200453, 0.9883978320859601, 0.98837112541617778, 0.99330832650975509, 0.99277918672629983, 'non-seizure'
0.99993679814141689, 0.98128172309989936, 0.98514468894897067, 0.99553067026315789, 0.9896286849650614, 'non-seizure'
0.99841024520294996, 0.98349920429996973, 0.98902423444463328, 0.9954231308835918, 0.99407947125292218, 'non-seizure'
0.99977780755328483, 0.98627759150574279, 0.98177079087198738, 0.99199024589002294, 0.98745850588512729, 'non-seizure'
0.99989341176978852, 0.98932060905086516, 0.9826461565538348, 0.99859896201124654, 0.99008875198452673, 'non-seizure'
0.99876277165639449, 0.97567310662040674, 0.9947301128102608, 0.99844641935103784, 0.998461516218206, 'non-seizure'
0.99960750870447757, 0.98825738983380385, 0.96893539524676275, 0.99498749090347904, 0.9875132217760757, 'non-seizure'
0.99819809185310315, 0.98165046556896474, 0.98330060523690421, 0.99815065451397766, 0.98430419047293594, 'non-seizure'
0.99766306593352394, 0.98226320004977052, 0.99088993514517631, 0.9980776549005993, 0.99547032041025774, 'non-seizure'
0.99861862031093129, 0.98422103571660524, 0.97855617986011822, 0.99964890541998164, 0.99637478945451241, 'non-seizure'
0.99951325142471914, 0.98974699198914839, 0.97865182610933099, 0.98915735299641117, 0.99176306816619764, 'non-seizure'
0.99884982906743724, 0.97454536787621016, 0.99473519072685013, 0.99809788783077624, 0.99850016590836688, 'non-seizure'
0.9990053226184884, 0.97727511141914547, 0.98040889454618596, 0.99872415589289565, 0.99590654472613604, 'non-seizure'
